[
  {
    "title": "جمعية كهاتين تعلن وظائف موسمية لمدة شهرين في مكة وجدة والطائف والمدينة",
    "link": "https://www.ewdifh.com/jobs/84286",
    "company": "الجمعية الخيرية لرعاية الأيتام (كهاتين)",
    "time": "منذ 10 ساعات"
  },
  {
    "title": "معهد الرياض للتقنية يعلن بدء التقديم في دبلوم الإلكتروميكانيكا المبتدئ بالتوظيف",
    "link": "https://www.ewdifh.com/jobs/84285",
    "company": "معهد الرياض للتقنية",
    "time": "منذ 12 ساعة"
  },
  {
    "title": "شركة كاتريون تعلن وظائف موسمية لموسم حج 1447هـ لحملة الثانوية فأعلى",
    "link": "https://www.ewdifh.com/jobs/84284",
    "company": "شركة كاتريون لخدمات التموين",
    "time": "منذ 14 ساعة"
  },
  {
    "title": "شركة سايبكس تعلن بدء التقديم في برامج الابتعاث المبتدئ بالتوظيف (مسار واعد)",
    "link": "https://www.ewdifh.com/jobs/84283",
    "company": "برنامج خادم الحرمين الشريفين للابتعاث",
    "time": "منذ 16 ساعة"
  },
  {
    "title": "الأكاديمية الصحية تعلن 3 برامج تدريبية منتهية بالتوظيف برواتب تصل 11,100 ريال",
    "link": "https://www.ewdifh.com/jobs/84282",
    "company": "الهيئة السعودية للتخصصات الصحية",
    "time": "منذ 17 ساعة"
  },
  {
    "title": "المركز الوطني لسلامة النقل يعلن وظائف قيادية وإدارية عبر منصة (جدارات)",
    "link": "https://www.ewdifh.com/jobs/84281",
    "company": "المركز الوطني لسلامة النقل",
    "time": "منذ 18 ساعة"
  },
  {
    "title": "شركة قصر الأواني توفر وظائف مبيعات للجنسين في مختلف مناطق المملكة",
    "link": "https://www.ewdifh.com/jobs/84279",
    "company": "شركة قصر الأواني",
    "time": "منذ 21 ساعة"
  },
  {
    "title": "الخدمات الطبية للقوات المسلحة تعلن 71 وظيفة برواتب تبدأ من 7,315 ريال",
    "link": "https://www.ewdifh.com/jobs/84278",
    "company": "الخدمات الصحية بوزارة الدفاع",
    "time": "منذ 22 ساعة"
  },
  {
    "title": "المعهد العالي للتقنيات الورقية بجدة يعلن وظائف برواتب تبدأ من 6,000 ريال",
    "link": "https://www.ewdifh.com/jobs/84275",
    "company": "المعهد العالي للتقنيات الورقية والصناعية",
    "time": "منذ 23 ساعة"
  },
  {
    "title": "معهد ريادة يعلن دورة تدريبية (عن بُعد) بمجال إدارة الحسابات المالية بشهادات حضور",
    "link": "https://www.ewdifh.com/jobs/84274",
    "company": "معهد ريادة الأعمال الوطني",
    "time": "منذ يوم"
  },
  {
    "title": "مجموعة الدكتور سليمان الحبيب تعلن وظائف طبية وفنية وإدارية في عدة مدن",
    "link": "https://www.ewdifh.com/jobs/84273",
    "company": "مجموعة الحبيب الطبية",
    "time": "منذ يوم"
  },
  {
    "title": "شركة بيت الرياضة الفالح تعلن 25 وظيفة شاغرة في مختلف مناطق المملكة",
    "link": "https://www.ewdifh.com/jobs/84271",
    "company": "شركة بيت الرياضة الفالح",
    "time": "منذ يوم"
  },
  {
    "title": "شركة التصنيع الوطنية تعلن وظائف هندسية وإدارية وفنية في عدة مناطق بالمملكة",
    "link": "https://www.ewdifh.com/jobs/84270",
    "company": "شركة التصنيع الوطنية",
    "time": "منذ يوم"
  },
  {
    "title": "شركة المراعي تعلن وظيفة أمنية لحملة الثانوية العامة براتب تنافسي بالدمام",
    "link": "https://www.ewdifh.com/jobs/84269",
    "company": "شركة المراعي",
    "time": "منذ يوم"
  },
  {
    "title": "مكتبة الملك فهد العامة تعلن 8 دورات وبرامج تدريبية مجانية (عن بُعد)",
    "link": "https://www.ewdifh.com/jobs/84268",
    "company": "مكتبة الملك فهد العامة بجدة",
    "time": "منذ 3 أيام"
  },
  {
    "title": "شركة بن داود القابضة تعلن وظائف شاغرة لحملة الثانوية فأعلى في عدة مدن بالمملكة",
    "link": "https://www.ewdifh.com/jobs/84267",
    "company": "مجموعة بن داود",
    "time": "منذ 3 أيام"
  },
  {
    "title": "جامعة طيبة تعلن القبول في دبلومات الكلية التطبيقية (عن بُعد) للفصل الثاني ١٤٤٧هـ",
    "link": "https://www.ewdifh.com/jobs/84266",
    "company": "جامعة طيبة",
    "time": "منذ 3 أيام"
  },
  {
    "title": "وزارة الطاقة تعلن وظيفة إدارية لحملة الثانوية العامة فأعلى بمدينة الرياض",
    "link": "https://www.ewdifh.com/jobs/84265",
    "company": "وزارة الطاقة",
    "time": "منذ 3 أيام"
  },
  {
    "title": "غرفة مكة وباب رزق جميل يعلنان ملتقى مواسم للتوظيف الموسمي بمكة المكرمة",
    "link": "https://www.ewdifh.com/jobs/84263",
    "company": "شركة باب رزق جميل",
    "time": "منذ 3 أيام"
  },
  {
    "title": "هيئة تطوير المدينة تعلن فرص تطوعية لتنظيم الحشود في رمضان 1447هـ",
    "link": "https://www.ewdifh.com/jobs/84260",
    "company": "هيئة تطوير المدينة المنورة",
    "time": "منذ 3 أيام"
  }
]